;Source LNCEL name
0;60095_001-73
1;60095_001-83
2;60412_001-62
3;60412_001-72
4;60412_001-73
5;60412_001-82
6;60412_001-83
7;93001_002-61
8;93001_002-62
9;93001_002-63
10;93001_002-71
11;93001_002-72
12;93001_002-73
13;93001_002-81
14;93001_002-82
15;93001_002-83
16;93001_003-61
17;93001_003-62
18;93001_003-63
19;93001_003-71
20;93001_003-72
21;93001_003-73
22;93001_003-81
23;93001_003-82
24;93001_003-83
25;93001_004-61
26;93001_004-62
27;93001_004-63
28;93001_004-71
29;93001_004-72
30;93001_004-73
31;93001_004-81
32;93001_004-82
33;93001_004-83
34;93001_006-61
35;93001_006-62
36;93001_006-63
37;93001_006-71
38;93001_006-72
39;93001_006-73
40;93001_006-81
41;93001_006-82
42;93001_006-83
43;93001_007-61
44;93001_007-62
45;93001_007-63
46;93001_007-71
47;93001_007-72
48;93001_007-73
49;93001_007-81
50;93001_007-82
51;93001_007-83
52;93001_012-81
53;93001_013-81
54;93001_015-61
55;93001_015-62
56;93001_015-63
57;93001_015-71
58;93001_015-72
59;93001_015-73
60;93001_015-81
61;93001_015-82
62;93001_015-83
63;93001_020-61
64;93001_020-62
65;93001_020-63
66;93001_020-71
67;93001_020-72
68;93001_020-73
69;93001_020-81
70;93001_020-82
71;93001_020-83
72;93005_001-61
73;93005_001-62
74;93005_001-63
75;93005_001-71
76;93005_001-72
77;93005_001-73
78;93005_001-81
79;93005_001-82
80;93005_001-83
81;93005_002-61
82;93005_002-62
83;93005_002-63
84;93005_002-71
85;93005_002-72
86;93005_002-73
87;93005_002-81
88;93005_002-82
89;93005_002-83
90;93005_004-61
91;93005_004-62
92;93005_004-63
93;93005_004-71
94;93005_004-72
95;93005_004-73
96;93005_004-81
97;93005_004-82
98;93005_004-83
99;93005_006-61
100;93005_006-62
101;93005_006-63
102;93005_006-71
103;93005_006-72
104;93005_006-73
105;93005_006-81
106;93005_006-82
107;93005_006-83
108;93005_007-61
109;93005_007-62
110;93005_007-63
111;93005_007-71
112;93005_007-72
113;93005_007-73
114;93005_007-81
115;93005_007-82
116;93005_007-83
117;93005_008-61
118;93005_008-62
119;93005_008-63
120;93005_008-71
121;93005_008-72
122;93005_008-73
123;93005_008-81
124;93005_008-82
125;93005_008-83
126;93005_009-61
127;93005_009-62
128;93005_009-63
129;93005_009-71
130;93005_009-72
131;93005_009-73
132;93005_009-81
133;93005_009-82
134;93005_009-83
135;93005_010-62
136;93005_010-63
137;93005_010-72
138;93005_010-73
139;93005_010-82
140;93005_010-83
141;93005_011-61
142;93005_011-62
143;93005_011-63
144;93005_011-71
145;93005_011-72
146;93005_011-73
147;93005_011-81
148;93005_011-82
149;93005_011-83
150;93005_012-61
151;93005_012-62
152;93005_012-63
153;93005_012-71
154;93005_012-72
155;93005_012-73
156;93005_012-81
157;93005_012-82
158;93005_012-83
159;93005_015-61
160;93005_015-62
161;93005_015-63
162;93005_015-71
163;93005_015-72
164;93005_015-73
165;93005_015-81
166;93005_015-82
167;93005_015-83
168;93005_016-61
169;93005_016-62
170;93005_016-63
171;93005_016-71
172;93005_016-72
173;93005_016-73
174;93005_016-81
175;93005_016-82
176;93005_016-83
177;93005_018-61
178;93005_018-62
179;93005_018-63
180;93005_018-71
181;93005_018-72
182;93005_018-73
183;93005_018-81
184;93005_018-82
185;93005_018-83
186;93005_021-61
187;93005_021-62
188;93005_021-71
189;93005_021-72
190;93005_021-81
191;93005_021-82
192;93005_022-61
193;93005_022-62
194;93005_022-63
195;93005_022-71
196;93005_022-72
197;93005_022-73
198;93005_022-81
199;93005_022-82
200;93005_022-83
201;93005_024-61
202;93005_024-62
203;93005_024-63
204;93005_024-71
205;93005_024-72
206;93005_024-73
207;93005_024-81
208;93005_024-82
209;93005_024-83
210;93006_001-61
211;93006_001-62
212;93006_001-63
213;93006_001-71
214;93006_001-73
215;93006_001-81
216;93006_001-82
217;93006_001-83
218;93006_003-61
219;93006_003-62
220;93006_003-63
221;93006_003-71
222;93006_003-72
223;93006_003-73
224;93006_003-81
225;93006_003-82
226;93006_003-83
227;93006_005-61
228;93006_005-62
229;93006_005-63
230;93006_005-71
231;93006_005-72
232;93006_005-73
233;93006_005-81
234;93006_005-82
235;93006_005-83
236;93006_007-61
237;93006_007-62
238;93006_007-63
239;93006_007-71
240;93006_007-72
241;93006_007-73
242;93006_007-81
243;93006_007-82
244;93006_007-83
245;93007_001-61
246;93007_001-62
247;93007_001-63
248;93007_001-72
249;93007_001-73
250;93007_001-81
251;93007_001-82
252;93007_001-83
253;93007_002-61
254;93007_002-62
255;93007_002-63
256;93007_002-71
257;93007_002-72
258;93007_002-73
259;93007_002-81
260;93007_002-82
261;93007_002-83
262;93007_003-61
263;93007_003-62
264;93007_003-63
265;93007_003-71
266;93007_003-72
267;93007_003-73
268;93007_003-81
269;93007_003-82
270;93007_003-83
271;93007_004-61
272;93007_004-62
273;93007_004-63
274;93007_004-71
275;93007_004-72
276;93007_004-73
277;93007_004-81
278;93007_004-82
279;93007_004-83
280;93007_005-61
281;93007_005-62
282;93007_005-63
283;93007_005-71
284;93007_005-72
285;93007_005-73
286;93007_005-81
287;93007_005-82
288;93007_005-83
289;93007_006-61
290;93007_006-62
291;93007_006-63
292;93007_006-71
293;93007_006-72
294;93007_006-73
295;93007_006-81
296;93007_006-82
297;93007_006-83
298;93007_007-61
299;93007_007-62
300;93007_007-63
301;93007_007-71
302;93007_007-72
303;93007_007-73
304;93007_007-81
305;93007_007-82
306;93007_007-83
307;93007_008-61
308;93007_008-62
309;93007_008-63
310;93007_008-71
311;93007_008-72
312;93007_008-73
313;93007_008-81
314;93007_008-82
315;93007_008-83
316;93007_009-61
317;93007_009-62
318;93007_009-63
319;93007_009-71
320;93007_009-72
321;93007_009-73
322;93007_009-81
323;93007_009-82
324;93007_009-83
325;93007_010-61
326;93007_010-62
327;93007_010-71
328;93007_010-72
329;93007_010-81
330;93007_010-82
331;93008_001-61
332;93008_001-62
333;93008_001-63
334;93008_001-71
335;93008_001-72
336;93008_001-73
337;93008_001-81
338;93008_001-82
339;93008_001-83
340;93008_002-61
341;93008_002-62
342;93008_002-63
343;93008_002-71
344;93008_002-72
345;93008_002-73
346;93008_002-81
347;93008_002-82
348;93008_002-83
349;93008_003-61
350;93008_003-62
351;93008_003-63
352;93008_003-71
353;93008_003-72
354;93008_003-73
355;93008_003-81
356;93008_003-82
357;93008_003-83
358;93008_004-61
359;93008_004-62
360;93008_004-63
361;93008_004-71
362;93008_004-72
363;93008_004-73
364;93008_004-81
365;93008_004-82
366;93008_004-83
367;93008_005-61
368;93008_005-62
369;93008_005-63
370;93008_005-71
371;93008_005-72
372;93008_005-73
373;93008_005-81
374;93008_005-82
375;93008_005-83
376;93008_006-61
377;93008_006-62
378;93008_006-63
379;93008_006-71
380;93008_006-72
381;93008_006-73
382;93008_006-81
383;93008_006-82
384;93008_006-83
385;93008_008-81
386;93008_009-81
387;93008_010-61
388;93008_010-62
389;93008_010-63
390;93008_010-71
391;93008_010-72
392;93008_010-73
393;93008_010-81
394;93008_010-82
395;93008_010-83
396;93008_013-61
397;93008_013-62
398;93008_013-63
399;93008_013-81
400;93008_013-82
401;93008_013-83
402;93008_016-61
403;93008_016-62
404;93008_016-71
405;93008_016-72
406;93008_016-81
407;93008_016-82
408;93008_018-61
409;93008_018-62
410;93008_018-71
411;93008_018-72
412;93008_018-81
413;93008_023-61
414;93008_023-62
415;93008_023-63
416;93008_023-71
417;93008_023-72
418;93008_023-73
419;93008_023-81
420;93008_023-82
421;93008_023-83
422;93010_001-61
423;93010_001-62
424;93010_001-63
425;93010_001-71
426;93010_001-72
427;93010_001-73
428;93010_001-81
429;93010_001-82
430;93010_001-83
431;93010_002-61
432;93010_002-62
433;93010_002-63
434;93010_002-71
435;93010_002-72
436;93010_002-73
437;93010_002-81
438;93010_002-82
439;93010_002-83
440;93010_003-61
441;93010_003-62
442;93010_003-63
443;93010_003-64
444;93010_003-65
445;93010_003-66
446;93010_003-71
447;93010_003-72
448;93010_003-73
449;93010_003-81
450;93010_003-82
451;93010_003-83
452;93010_003-84
453;93010_003-85
454;93010_003-86
455;93010_005-61
456;93010_005-62
457;93010_005-63
458;93010_005-71
459;93010_005-72
460;93010_005-73
461;93010_005-81
462;93010_005-82
463;93010_005-83
464;93010_007-61
465;93010_007-62
466;93010_007-63
467;93010_007-71
468;93010_007-72
469;93010_007-73
470;93010_007-81
471;93010_007-82
472;93010_007-83
473;93013_001-61
474;93013_001-62
475;93013_001-71
476;93013_001-72
477;93013_001-81
478;93013_001-82
479;93013_002-61
480;93013_002-62
481;93013_002-63
482;93013_002-71
483;93013_002-72
484;93013_002-73
485;93013_002-81
486;93013_002-82
487;93013_002-83
488;93013_003-61
489;93013_003-62
490;93013_003-63
491;93013_003-71
492;93013_003-72
493;93013_003-81
494;93013_003-82
495;93013_003-83
496;93013_005-61
497;93013_005-62
498;93013_005-71
499;93013_005-72
500;93013_005-81
501;93013_005-82
502;93014_002-61
503;93014_002-62
504;93014_002-63
505;93014_002-71
506;93014_002-72
507;93014_002-73
508;93014_002-81
509;93014_002-82
510;93014_002-83
511;93014_003-61
512;93014_003-62
513;93014_003-63
514;93014_003-71
515;93014_003-72
516;93014_003-73
517;93014_003-81
518;93014_003-82
519;93014_003-83
520;93014_004-61
521;93014_004-62
522;93014_004-63
523;93014_004-71
524;93014_004-72
525;93014_004-73
526;93014_004-81
527;93014_004-82
528;93014_004-83
529;93027_002-61
530;93027_002-62
531;93027_002-63
532;93027_002-71
533;93027_002-72
534;93027_002-73
535;93027_002-81
536;93027_002-82
537;93027_002-83
538;93027_003-61
539;93027_003-62
540;93027_003-63
541;93027_003-71
542;93027_003-72
543;93027_003-73
544;93027_003-81
545;93027_003-82
546;93027_003-83
547;93027_004-61
548;93027_004-62
549;93027_004-63
550;93027_004-71
551;93027_004-72
552;93027_004-73
553;93027_004-81
554;93027_004-82
555;93027_004-83
556;93027_005-61
557;93027_005-62
558;93027_005-63
559;93027_005-71
560;93027_005-72
561;93027_005-73
562;93027_005-81
563;93027_005-82
564;93027_005-83
565;93027_006-62
566;93027_006-63
567;93027_006-72
568;93027_006-73
569;93027_006-82
570;93027_006-83
571;93027_007-61
572;93027_007-62
573;93027_007-63
574;93027_007-71
575;93027_007-72
576;93027_007-73
577;93027_007-81
578;93027_007-82
579;93027_007-83
580;93027_008-61
581;93027_008-62
582;93027_008-63
583;93027_008-71
584;93027_008-72
585;93027_008-73
586;93027_008-81
587;93027_008-82
588;93027_008-83
589;93027_009-61
590;93027_009-62
591;93027_009-63
592;93027_009-71
593;93027_009-72
594;93027_009-73
595;93027_009-82
596;93027_009-83
597;93027_010-61
598;93027_010-62
599;93027_010-63
600;93027_010-71
601;93027_010-72
602;93027_010-73
603;93027_010-81
604;93027_010-82
605;93027_010-83
606;93027_013-61
607;93027_013-62
608;93027_013-71
609;93027_013-72
610;93027_013-81
611;93027_013-82
612;93029_001-61
613;93029_001-71
614;93029_001-72
615;93029_001-73
616;93029_001-81
617;93029_001-82
618;93029_001-83
619;93029_003-61
620;93029_003-62
621;93029_003-63
622;93029_003-71
623;93029_003-72
624;93029_003-73
625;93029_003-81
626;93029_003-82
627;93029_003-83
628;93029_004-61
629;93029_004-62
630;93029_004-63
631;93029_004-71
632;93029_004-72
633;93029_004-73
634;93029_004-81
635;93029_004-82
636;93029_004-83
637;93029_005-61
638;93029_005-62
639;93029_005-63
640;93029_005-71
641;93029_005-72
642;93029_005-73
643;93029_005-81
644;93029_005-82
645;93029_005-83
646;93029_006-61
647;93029_006-62
648;93029_006-63
649;93029_006-71
650;93029_006-72
651;93029_006-73
652;93029_006-81
653;93029_006-82
654;93029_006-83
655;93029_007-61
656;93029_007-62
657;93029_007-63
658;93029_007-71
659;93029_007-72
660;93029_007-73
661;93029_007-81
662;93029_007-82
663;93029_007-83
664;93029_009-61
665;93029_009-62
666;93029_009-63
667;93029_009-71
668;93029_009-72
669;93029_009-73
670;93029_009-81
671;93029_009-82
672;93029_009-83
673;93029_011-61
674;93029_011-62
675;93029_011-63
676;93029_011-71
677;93029_011-72
678;93029_011-81
679;93029_011-82
680;93029_011-83
681;93030_001-61
682;93030_001-62
683;93030_001-63
684;93030_001-71
685;93030_001-72
686;93030_001-73
687;93030_001-81
688;93030_001-82
689;93030_001-83
690;93030_002-61
691;93030_002-62
692;93030_002-63
693;93030_002-71
694;93030_002-72
695;93030_002-73
696;93030_002-81
697;93030_002-82
698;93030_002-83
699;93031_001-61
700;93031_001-62
701;93031_001-63
702;93031_001-71
703;93031_001-72
704;93031_001-73
705;93031_001-81
706;93031_001-82
707;93031_001-83
708;93031_003-61
709;93031_003-71
710;93031_003-81
711;93031_004-61
712;93031_004-62
713;93031_004-63
714;93031_004-71
715;93031_004-72
716;93031_004-73
717;93031_004-81
718;93031_004-82
719;93031_004-83
720;93031_006-61
721;93031_006-62
722;93031_006-63
723;93031_006-71
724;93031_006-72
725;93031_006-73
726;93031_006-81
727;93031_006-82
728;93031_006-83
729;93031_007-61
730;93031_007-62
731;93031_007-63
732;93031_007-71
733;93031_007-72
734;93031_007-73
735;93031_007-81
736;93031_007-82
737;93031_007-83
738;93032_001-61
739;93032_001-62
740;93032_001-63
741;93032_001-71
742;93032_001-72
743;93032_001-73
744;93032_001-81
745;93032_001-82
746;93032_001-83
747;93032_003-61
748;93032_003-62
749;93032_003-63
750;93032_003-71
751;93032_003-72
752;93032_003-73
753;93032_003-81
754;93032_003-82
755;93032_003-83
756;93032_004-61
757;93032_004-62
758;93032_004-63
759;93032_004-71
760;93032_004-72
761;93032_004-73
762;93032_004-81
763;93032_004-82
764;93032_004-83
765;93032_005-61
766;93032_005-62
767;93032_005-63
768;93032_005-71
769;93032_005-72
770;93032_005-73
771;93032_005-81
772;93032_005-82
773;93032_005-83
774;93032_007-61
775;93032_007-62
776;93032_007-63
777;93032_007-72
778;93032_007-73
779;93032_007-81
780;93032_007-82
781;93032_007-83
782;93032_008-62
783;93032_008-63
784;93032_008-72
785;93032_008-73
786;93032_008-81
787;93032_008-82
788;93032_008-83
789;93045_001-61
790;93045_001-62
791;93045_001-63
792;93045_001-71
793;93045_001-72
794;93045_001-73
795;93045_001-81
796;93045_001-82
797;93045_001-83
798;93045_003-81
799;93046_002-61
800;93046_002-62
801;93046_002-63
802;93046_002-71
803;93046_002-72
804;93046_002-73
805;93046_002-81
806;93046_002-82
807;93046_002-83
808;93046_003-61
809;93046_003-62
810;93046_003-63
811;93046_003-71
812;93046_003-72
813;93046_003-73
814;93046_003-81
815;93046_003-82
816;93046_003-83
817;93046_004-61
818;93046_004-62
819;93046_004-63
820;93046_004-71
821;93046_004-72
822;93046_004-73
823;93046_004-81
824;93046_004-82
825;93046_004-83
826;93046_006-61
827;93046_006-63
828;93046_006-71
829;93046_006-73
830;93046_006-81
831;93046_006-83
832;93046_007-61
833;93046_007-62
834;93046_007-63
835;93046_007-71
836;93046_007-72
837;93046_007-73
838;93046_007-81
839;93046_007-82
840;93046_007-83
841;93046_008-61
842;93046_008-62
843;93046_008-63
844;93046_008-71
845;93046_008-72
846;93046_008-73
847;93046_008-81
848;93046_008-82
849;93046_008-83
850;93046_012-61
851;93046_012-62
852;93046_012-63
853;93046_012-71
854;93046_012-72
855;93046_012-73
856;93046_012-81
857;93046_012-82
858;93046_012-83
859;93047_003-61
860;93047_003-62
861;93047_003-63
862;93047_003-71
863;93047_003-72
864;93047_003-73
865;93047_003-81
866;93047_003-82
867;93047_003-83
868;93047_004-61
869;93047_004-63
870;93047_004-71
871;93047_004-72
872;93047_004-73
873;93047_004-81
874;93047_004-82
875;93047_004-83
876;93047_005-61
877;93047_005-62
878;93047_005-63
879;93047_005-71
880;93047_005-72
881;93047_005-73
882;93047_005-81
883;93047_005-82
884;93047_005-83
885;93048_002-61
886;93048_002-62
887;93048_002-63
888;93048_002-71
889;93048_002-72
890;93048_002-73
891;93048_002-81
892;93048_002-82
893;93048_002-83
894;93048_003-61
895;93048_003-62
896;93048_003-63
897;93048_003-71
898;93048_003-72
899;93048_003-73
900;93048_003-81
901;93048_003-82
902;93048_003-83
903;93048_005-61
904;93048_005-62
905;93048_005-63
906;93048_005-71
907;93048_005-72
908;93048_005-73
909;93048_005-81
910;93048_005-82
911;93048_005-83
912;93048_006-61
913;93048_006-62
914;93048_006-63
915;93048_006-71
916;93048_006-72
917;93048_006-73
918;93048_006-81
919;93048_006-82
920;93048_006-83
921;93048_007-61
922;93048_007-62
923;93048_007-63
924;93048_007-71
925;93048_007-72
926;93048_007-73
927;93048_007-81
928;93048_007-82
929;93048_007-83
930;93048_008-61
931;93048_008-62
932;93048_008-63
933;93048_008-71
934;93048_008-72
935;93048_008-73
936;93048_008-81
937;93048_008-82
938;93048_008-83
939;93048_009-61
940;93048_009-62
941;93048_009-63
942;93048_009-71
943;93048_009-72
944;93048_009-73
945;93048_009-81
946;93048_009-82
947;93048_009-83
948;93048_010-61
949;93048_010-63
950;93048_010-71
951;93048_010-73
952;93048_011-61
953;93048_011-62
954;93048_011-63
955;93048_011-71
956;93048_011-72
957;93048_011-81
958;93048_011-82
959;93048_011-83
960;93048_012-61
961;93048_012-62
962;93048_012-63
963;93048_012-71
964;93048_012-72
965;93048_012-73
966;93048_012-81
967;93048_012-82
968;93048_012-83
969;93048_013-61
970;93048_013-62
971;93048_013-63
972;93048_013-71
973;93048_013-72
974;93048_013-73
975;93048_013-81
976;93048_013-82
977;93048_013-83
978;93048_016-61
979;93048_016-62
980;93048_016-63
981;93048_016-71
982;93048_016-72
983;93048_016-73
984;93048_016-81
985;93048_016-82
986;93048_016-83
987;93048_017-61
988;93048_017-62
989;93048_017-63
990;93048_017-71
991;93048_017-72
992;93048_017-73
993;93048_017-81
994;93048_017-82
995;93048_017-83
996;93048_019-81
997;93048_020-81
998;93048_024-61
999;93048_024-62
1000;93048_024-63
1001;93048_024-71
1002;93048_024-72
1003;93048_024-73
1004;93048_024-81
1005;93048_024-82
1006;93048_024-83
1007;93049_001-61
1008;93049_001-62
1009;93049_001-63
1010;93049_001-71
1011;93049_001-72
1012;93049_001-73
1013;93049_001-81
1014;93049_001-82
1015;93049_001-83
1016;93049_003-61
1017;93049_003-62
1018;93049_003-63
1019;93049_003-71
1020;93049_003-72
1021;93049_003-73
1022;93049_003-81
1023;93049_003-82
1024;93049_003-83
1025;93050_001-61
1026;93050_001-62
1027;93050_001-63
1028;93050_001-71
1029;93050_001-72
1030;93050_001-73
1031;93050_001-81
1032;93050_001-82
1033;93050_001-83
1034;93050_003-61
1035;93050_003-62
1036;93050_003-63
1037;93050_003-71
1038;93050_003-72
1039;93050_003-73
1040;93050_003-81
1041;93050_003-82
1042;93050_003-83
1043;93050_004-61
1044;93050_004-62
1045;93050_004-63
1046;93050_004-71
1047;93050_004-72
1048;93050_004-73
1049;93050_004-81
1050;93050_004-82
1051;93050_004-83
1052;93050_005-61
1053;93050_005-62
1054;93050_005-63
1055;93050_005-71
1056;93050_005-72
1057;93050_005-73
1058;93050_005-81
1059;93050_005-82
1060;93050_005-83
1061;93051_002-61
1062;93051_002-62
1063;93051_002-63
1064;93051_002-71
1065;93051_002-72
1066;93051_002-73
1067;93051_002-81
1068;93051_002-82
1069;93051_002-83
1070;93051_003-61
1071;93051_003-62
1072;93051_003-63
1073;93051_003-71
1074;93051_003-72
1075;93051_003-73
1076;93051_003-81
1077;93051_003-82
1078;93051_003-83
1079;93051_006-61
1080;93051_006-62
1081;93051_006-63
1082;93051_006-71
1083;93051_006-72
1084;93051_006-73
1085;93051_006-81
1086;93051_006-82
1087;93051_006-83
1088;93051_008-61
1089;93051_008-62
1090;93051_008-63
1091;93051_008-71
1092;93051_008-72
1093;93051_008-73
1094;93051_008-81
1095;93051_008-82
1096;93051_008-83
1097;93051_013-61
1098;93051_013-63
1099;93051_013-81
1100;93051_013-83
1101;93051_014-61
1102;93051_014-62
1103;93051_014-63
1104;93051_014-71
1105;93051_014-72
1106;93051_014-73
1107;93051_014-81
1108;93051_014-82
1109;93051_014-83
1110;93051_015-61
1111;93051_015-63
1112;93051_015-71
1113;93051_015-72
1114;93051_015-73
1115;93051_015-81
1116;93051_015-82
1117;93051_015-83
1118;93051_016-61
1119;93051_016-62
1120;93051_016-63
1121;93051_016-71
1122;93051_016-72
1123;93051_016-73
1124;93051_016-81
1125;93051_016-82
1126;93051_016-83
1127;93051_017-61
1128;93051_017-62
1129;93051_017-63
1130;93051_017-71
1131;93051_017-72
1132;93051_017-73
1133;93051_017-81
1134;93051_017-82
1135;93051_017-83
1136;93051_019-61
1137;93051_019-62
1138;93051_019-63
1139;93051_019-71
1140;93051_019-72
1141;93051_019-73
1142;93051_019-81
1143;93051_019-82
1144;93051_019-83
1145;93051_020-61
1146;93051_020-62
1147;93051_020-63
1148;93051_020-71
1149;93051_020-72
1150;93051_020-73
1151;93051_020-81
1152;93051_020-82
1153;93051_020-83
1154;93051_028-71
1155;93051_028-72
1156;93051_028-73
1157;93051_028-81
1158;93051_028-82
1159;93051_028-83
1160;93053_002-61
1161;93053_002-62
1162;93053_002-63
1163;93053_002-71
1164;93053_002-72
1165;93053_002-73
1166;93053_002-81
1167;93053_002-82
1168;93053_002-83
1169;93053_003-61
1170;93053_003-62
1171;93053_003-63
1172;93053_003-71
1173;93053_003-72
1174;93053_003-73
1175;93053_003-81
1176;93053_003-82
1177;93053_003-83
1178;93053_004-61
1179;93053_004-62
1180;93053_004-63
1181;93053_004-71
1182;93053_004-72
1183;93053_004-73
1184;93053_004-81
1185;93053_004-82
1186;93053_004-83
1187;93053_005-61
1188;93053_005-62
1189;93053_005-63
1190;93053_005-71
1191;93053_005-72
1192;93053_005-73
1193;93053_005-81
1194;93053_005-82
1195;93053_005-83
1196;93053_006-61
1197;93053_006-62
1198;93053_006-63
1199;93053_006-71
1200;93053_006-72
1201;93053_006-73
1202;93053_006-81
1203;93053_006-82
1204;93053_006-83
1205;93053_008-61
1206;93053_008-62
1207;93053_008-63
1208;93053_008-71
1209;93053_008-72
1210;93053_008-73
1211;93053_008-81
1212;93053_008-82
1213;93053_008-83
1214;93053_010-61
1215;93053_010-62
1216;93053_010-63
1217;93053_010-71
1218;93053_010-72
1219;93053_010-73
1220;93053_010-81
1221;93053_010-82
1222;93053_010-83
1223;93053_012-61
1224;93053_012-62
1225;93053_012-63
1226;93053_012-71
1227;93053_012-72
1228;93053_012-73
1229;93053_012-81
1230;93053_012-82
1231;93053_012-83
1232;93055_001-61
1233;93055_001-62
1234;93055_001-71
1235;93055_001-72
1236;93055_001-82
1237;93055_001-83
1238;93055_003-61
1239;93055_003-62
1240;93055_003-63
1241;93055_003-71
1242;93055_003-72
1243;93055_003-73
1244;93055_003-81
1245;93055_003-82
1246;93055_003-83
1247;93055_004-61
1248;93055_004-62
1249;93055_004-63
1250;93055_004-72
1251;93055_004-73
1252;93055_004-81
1253;93055_004-82
1254;93055_004-83
1255;93055_005-61
1256;93055_005-62
1257;93055_005-63
1258;93055_005-71
1259;93055_005-72
1260;93055_005-73
1261;93055_005-81
1262;93055_005-82
1263;93055_005-83
1264;93055_006-61
1265;93055_006-62
1266;93055_006-63
1267;93055_006-73
1268;93055_006-81
1269;93055_006-82
1270;93055_006-83
1271;93055_009-81
1272;93055_011-61
1273;93055_011-62
1274;93055_011-63
1275;93055_011-71
1276;93055_011-72
1277;93055_011-73
1278;93055_011-81
1279;93055_011-82
1280;93055_012-61
1281;93055_012-62
1282;93055_012-63
1283;93055_012-71
1284;93055_012-72
1285;93055_012-73
1286;93055_012-81
1287;93055_012-82
1288;93055_012-83
1289;93055_013-61
1290;93055_013-62
1291;93055_013-63
1292;93055_013-71
1293;93055_013-72
1294;93055_013-73
1295;93055_013-81
1296;93055_013-82
1297;93055_013-83
1298;93057_001-61
1299;93057_001-62
1300;93057_001-63
1301;93057_001-71
1302;93057_001-72
1303;93057_001-81
1304;93057_001-82
1305;93057_001-83
1306;93057_002-61
1307;93057_002-62
1308;93057_002-63
1309;93057_002-71
1310;93057_002-72
1311;93057_002-73
1312;93057_002-81
1313;93057_002-82
1314;93057_002-83
1315;93057_003-61
1316;93057_003-62
1317;93057_003-63
1318;93057_003-71
1319;93057_003-72
1320;93057_003-73
1321;93057_003-81
1322;93057_003-82
1323;93057_003-83
1324;93057_004-61
1325;93057_004-62
1326;93057_004-71
1327;93057_004-72
1328;93057_004-81
1329;93057_004-82
1330;93059_002-61
1331;93059_002-62
1332;93059_002-63
1333;93059_002-71
1334;93059_002-72
1335;93059_002-73
1336;93059_002-81
1337;93059_002-82
1338;93059_002-83
1339;93059_004-61
1340;93059_004-62
1341;93059_004-63
1342;93059_004-71
1343;93059_004-72
1344;93059_004-73
1345;93059_004-82
1346;93059_004-83
1347;93059_005-61
1348;93059_005-62
1349;93059_005-63
1350;93059_007-61
1351;93059_007-62
1352;93059_007-63
1353;93059_007-71
1354;93059_007-72
1355;93059_007-73
1356;93059_007-81
1357;93059_007-82
1358;93059_007-83
1359;93059_009-61
1360;93059_009-62
1361;93059_009-63
1362;93059_009-71
1363;93059_009-72
1364;93059_009-73
1365;93059_009-81
1366;93059_009-82
1367;93059_009-83
1368;93061_002-61
1369;93061_002-62
1370;93061_002-63
1371;93061_002-71
1372;93061_002-72
1373;93061_002-73
1374;93061_002-81
1375;93061_002-82
1376;93061_002-83
1377;93061_004-61
1378;93061_004-62
1379;93061_004-63
1380;93061_004-71
1381;93061_004-72
1382;93061_004-73
1383;93061_004-81
1384;93061_004-82
1385;93061_004-83
1386;93062_001-61
1387;93062_001-62
1388;93062_001-63
1389;93062_001-71
1390;93062_001-72
1391;93062_001-73
1392;93062_001-81
1393;93062_001-82
1394;93062_001-83
1395;93062_002-61
1396;93062_002-62
1397;93062_002-63
1398;93062_002-71
1399;93062_002-73
1400;93062_002-81
1401;93062_002-82
1402;93062_002-83
1403;93062_003-61
1404;93062_003-62
1405;93062_003-63
1406;93062_003-71
1407;93062_003-72
1408;93062_003-73
1409;93062_003-81
1410;93062_003-82
1411;93062_003-83
1412;93063_001-61
1413;93063_001-62
1414;93063_001-63
1415;93063_001-71
1416;93063_001-72
1417;93063_001-73
1418;93063_001-81
1419;93063_001-82
1420;93063_001-83
1421;93063_002-61
1422;93063_002-62
1423;93063_002-63
1424;93063_002-71
1425;93063_002-73
1426;93063_002-81
1427;93063_002-82
1428;93063_002-83
1429;93063_006-61
1430;93063_006-62
1431;93063_006-63
1432;93063_006-71
1433;93063_006-72
1434;93063_006-73
1435;93063_006-81
1436;93063_006-82
1437;93063_006-83
1438;93063_007-61
1439;93063_007-62
1440;93063_007-63
1441;93063_007-71
1442;93063_007-72
1443;93063_007-73
1444;93063_007-81
1445;93063_007-82
1446;93063_007-83
1447;93064_001-61
1448;93064_001-62
1449;93064_001-63
1450;93064_001-71
1451;93064_001-72
1452;93064_001-73
1453;93064_001-81
1454;93064_001-82
1455;93064_001-83
1456;93064_007-61
1457;93064_007-62
1458;93064_007-63
1459;93064_007-71
1460;93064_007-72
1461;93064_007-73
1462;93064_007-81
1463;93064_007-82
1464;93064_007-83
1465;93064_008-61
1466;93064_008-62
1467;93064_008-63
1468;93064_008-71
1469;93064_008-72
1470;93064_008-73
1471;93064_008-81
1472;93064_008-82
1473;93064_008-83
1474;93064_009-61
1475;93064_009-62
1476;93064_009-63
1477;93064_009-71
1478;93064_009-72
1479;93064_009-73
1480;93064_009-81
1481;93064_009-82
1482;93064_009-83
1483;93064_014-61
1484;93064_014-62
1485;93064_014-63
1486;93064_014-71
1487;93064_014-72
1488;93064_014-73
1489;93064_014-81
1490;93064_014-82
1491;93064_014-83
1492;93066_001-61
1493;93066_001-62
1494;93066_001-63
1495;93066_001-71
1496;93066_001-72
1497;93066_001-73
1498;93066_001-81
1499;93066_001-82
1500;93066_001-83
1501;93066_003-61
1502;93066_003-62
1503;93066_003-63
1504;93066_003-71
1505;93066_003-72
1506;93066_003-73
1507;93066_003-81
1508;93066_003-82
1509;93066_003-83
1510;93066_005-61
1511;93066_005-62
1512;93066_005-63
1513;93066_005-71
1514;93066_005-72
1515;93066_005-73
1516;93066_005-81
1517;93066_005-82
1518;93066_005-83
1519;93066_006-61
1520;93066_006-62
1521;93066_006-63
1522;93066_006-71
1523;93066_006-72
1524;93066_006-73
1525;93066_006-81
1526;93066_006-82
1527;93066_006-83
1528;93066_009-61
1529;93066_009-62
1530;93066_009-63
1531;93066_009-71
1532;93066_009-72
1533;93066_009-73
1534;93066_009-81
1535;93066_009-82
1536;93066_009-83
1537;93066_010-61
1538;93066_010-62
1539;93066_010-63
1540;93066_010-71
1541;93066_010-72
1542;93066_010-73
1543;93066_010-81
1544;93066_010-82
1545;93066_010-83
1546;93066_011-61
1547;93066_011-62
1548;93066_011-63
1549;93066_011-71
1550;93066_011-72
1551;93066_011-73
1552;93066_011-81
1553;93066_011-82
1554;93066_011-83
1555;93066_012-61
1556;93066_012-62
1557;93066_012-63
1558;93066_012-71
1559;93066_012-72
1560;93066_012-73
1561;93066_012-81
1562;93066_012-82
1563;93066_012-83
1564;93066_013-61
1565;93066_013-62
1566;93066_013-63
1567;93066_013-71
1568;93066_013-72
1569;93066_013-73
1570;93066_013-81
1571;93066_013-82
1572;93066_013-83
1573;93066_014-61
1574;93066_014-62
1575;93066_014-71
1576;93066_014-72
1577;93066_014-81
1578;93066_014-82
1579;93066_018-61
1580;93066_018-62
1581;93066_018-63
1582;93066_018-71
1583;93066_018-72
1584;93066_018-73
1585;93066_018-81
1586;93066_018-82
1587;93066_018-83
1588;93066_021-61
1589;93066_021-62
1590;93066_021-71
1591;93066_021-72
1592;93066_021-81
1593;93066_021-82
1594;93066_022-61
1595;93066_022-62
1596;93066_022-81
1597;93066_022-82
1598;93066_024-81
1599;93066_025-81
1600;93066_027-61
1601;93066_027-62
1602;93066_027-63
1603;93066_027-71
1604;93066_027-72
1605;93066_027-73
1606;93066_027-81
1607;93066_027-82
1608;93066_027-83
1609;93066_028-61
1610;93066_028-62
1611;93066_028-81
1612;93066_028-82
1613;93066_032-61
1614;93066_032-62
1615;93066_032-63
1616;93066_032-71
1617;93066_032-72
1618;93066_032-73
1619;93066_032-81
1620;93066_032-82
1621;93066_032-83
1622;93066_033-61
1623;93066_033-62
1624;93066_033-63
1625;93066_033-71
1626;93066_033-73
1627;93066_033-81
1628;93066_033-82
1629;93066_033-83
1630;93066_035-61
1631;93066_035-62
1632;93066_035-63
1633;93066_035-71
1634;93066_035-72
1635;93066_035-73
1636;93066_035-81
1637;93066_035-82
1638;93066_035-83
1639;93066_037-61
1640;93066_037-62
1641;93066_037-63
1642;93066_037-71
1643;93066_037-72
1644;93066_037-73
1645;93066_037-81
1646;93066_037-82
1647;93066_037-83
1648;93066_041-61
1649;93066_041-62
1650;93066_041-63
1651;93066_041-71
1652;93066_041-72
1653;93066_041-81
1654;93066_041-82
1655;93066_041-83
1656;93066_044-61
1657;93066_044-62
1658;93066_044-63
1659;93066_044-71
1660;93066_044-72
1661;93066_044-73
1662;93066_044-81
1663;93066_044-82
1664;93066_044-83
1665;93066_750-61
1666;93066_750-81
1667;93066_750-82
1668;93070_002-61
1669;93070_002-62
1670;93070_002-63
1671;93070_002-71
1672;93070_002-72
1673;93070_002-73
1674;93070_002-81
1675;93070_002-82
1676;93070_002-83
1677;93070_003-61
1678;93070_003-62
1679;93070_003-63
1680;93070_003-71
1681;93070_003-72
1682;93070_003-73
1683;93070_003-81
1684;93070_003-82
1685;93070_003-83
1686;93070_004-61
1687;93070_004-62
1688;93070_004-63
1689;93070_004-71
1690;93070_004-72
1691;93070_004-73
1692;93070_004-81
1693;93070_004-82
1694;93070_004-83
1695;93070_005-61
1696;93070_005-62
1697;93070_005-63
1698;93070_005-71
1699;93070_005-72
1700;93070_005-73
1701;93070_005-81
1702;93070_005-82
1703;93070_005-83
1704;93070_006-61
1705;93070_006-62
1706;93070_006-63
1707;93070_006-71
1708;93070_006-72
1709;93070_006-73
1710;93070_006-81
1711;93070_006-82
1712;93070_006-83
1713;93070_008-61
1714;93070_008-62
1715;93070_008-63
1716;93070_008-71
1717;93070_008-72
1718;93070_008-73
1719;93070_008-81
1720;93070_008-82
1721;93070_008-83
1722;93070_012-61
1723;93070_012-62
1724;93070_012-63
1725;93070_012-71
1726;93070_012-72
1727;93070_012-73
1728;93070_012-81
1729;93070_012-82
1730;93070_012-83
1731;93070_014-81
1732;93070_021-61
1733;93070_021-62
1734;93070_021-63
1735;93070_021-71
1736;93070_021-72
1737;93070_021-73
1738;93070_021-81
1739;93070_021-82
1740;93070_021-83
1741;93071_001-61
1742;93071_001-62
1743;93071_001-63
1744;93071_001-71
1745;93071_001-72
1746;93071_001-73
1747;93071_001-81
1748;93071_001-82
1749;93071_001-83
1750;93071_002-61
1751;93071_002-62
1752;93071_002-63
1753;93071_002-72
1754;93071_002-73
1755;93071_002-81
1756;93071_002-82
1757;93071_002-83
1758;93071_003-61
1759;93071_003-62
1760;93071_003-63
1761;93071_003-71
1762;93071_003-72
1763;93071_003-73
1764;93071_003-81
1765;93071_003-82
1766;93071_003-83
1767;93071_005-62
1768;93071_005-71
1769;93071_005-72
1770;93071_005-81
1771;93071_005-82
1772;93071_006-61
1773;93071_006-62
1774;93071_006-63
1775;93071_006-71
1776;93071_006-72
1777;93071_006-73
1778;93071_006-81
1779;93071_006-82
1780;93071_006-83
1781;93071_008-61
1782;93071_008-62
1783;93071_008-63
1784;93071_008-71
1785;93071_008-72
1786;93071_008-73
1787;93071_008-81
1788;93071_008-82
1789;93071_008-83
1790;93071_009-61
1791;93071_009-62
1792;93071_009-63
1793;93071_009-71
1794;93071_009-72
1795;93071_009-73
1796;93071_009-81
1797;93071_009-82
1798;93071_009-83
1799;93071_010-61
1800;93071_010-62
1801;93071_010-63
1802;93071_010-71
1803;93071_010-72
1804;93071_010-73
1805;93071_010-81
1806;93071_010-82
1807;93071_010-83
1808;93071_012-61
1809;93071_012-71
1810;93071_012-81
1811;93072_001-61
1812;93072_001-62
1813;93072_001-63
1814;93072_001-71
1815;93072_001-72
1816;93072_001-73
1817;93072_001-81
1818;93072_001-82
1819;93072_001-83
1820;93072_002-61
1821;93072_002-62
1822;93072_002-63
1823;93072_002-71
1824;93072_002-72
1825;93072_002-73
1826;93072_002-81
1827;93072_002-82
1828;93072_002-83
1829;93072_003-61
1830;93072_003-62
1831;93072_003-63
1832;93072_003-71
1833;93072_003-72
1834;93072_003-73
1835;93072_003-81
1836;93072_003-82
1837;93072_003-83
1838;93072_004-61
1839;93072_004-62
1840;93072_004-63
1841;93072_004-71
1842;93072_004-72
1843;93072_004-73
1844;93072_004-81
1845;93072_004-82
1846;93072_004-83
1847;93072_007-61
1848;93072_007-62
1849;93072_007-63
1850;93072_007-71
1851;93072_007-72
1852;93072_007-73
1853;93072_007-81
1854;93072_007-82
1855;93072_007-83
1856;93072_008-61
1857;93072_008-62
1858;93072_008-63
1859;93072_008-71
1860;93072_008-72
1861;93072_008-73
1862;93072_008-81
1863;93072_008-82
1864;93072_008-83
1865;93073_002-61
1866;93073_002-62
1867;93073_002-63
1868;93073_002-71
1869;93073_002-72
1870;93073_002-73
1871;93073_003-61
1872;93073_003-62
1873;93073_003-63
1874;93073_003-71
1875;93073_003-73
1876;93073_003-81
1877;93073_003-82
1878;93073_003-83
1879;93073_004-61
1880;93073_004-62
1881;93073_004-63
1882;93073_004-71
1883;93073_004-72
1884;93073_004-73
1885;93073_004-81
1886;93073_004-82
1887;93073_004-83
1888;93073_005-61
1889;93073_005-62
1890;93073_005-63
1891;93073_005-71
1892;93073_005-72
1893;93073_005-73
1894;93073_005-81
1895;93073_005-82
1896;93073_005-83
1897;93073_007-61
1898;93073_007-62
1899;93073_007-63
1900;93073_007-71
1901;93073_007-72
1902;93073_007-73
1903;93073_007-81
1904;93073_007-82
1905;93073_007-83
1906;93073_008-61
1907;93073_008-62
1908;93073_008-63
1909;93073_008-71
1910;93073_008-72
1911;93073_008-73
1912;93073_008-81
1913;93073_008-82
1914;93073_008-83
1915;93073_009-61
1916;93073_009-62
1917;93073_009-63
1918;93073_009-71
1919;93073_009-72
1920;93073_009-73
1921;93073_010-61
1922;93073_010-62
1923;93073_010-63
1924;93073_010-71
1925;93073_010-72
1926;93073_010-73
1927;93073_010-81
1928;93073_010-82
1929;93073_010-83
1930;93073_011-61
1931;93073_011-62
1932;93073_011-63
1933;93073_011-71
1934;93073_011-72
1935;93073_011-73
1936;93073_011-81
1937;93073_011-82
1938;93073_011-83
1939;93074_002-61
1940;93074_002-62
1941;93074_002-63
1942;93074_002-71
1943;93074_002-73
1944;93074_002-81
1945;93074_002-82
1946;93074_002-83
1947;93077_001-61
1948;93077_001-62
1949;93077_001-63
1950;93077_001-71
1951;93077_001-72
1952;93077_001-73
1953;93077_001-81
1954;93077_001-82
1955;93077_002-61
1956;93077_002-62
1957;93077_002-63
1958;93077_002-71
1959;93077_002-72
1960;93077_002-73
1961;93077_002-81
1962;93077_002-82
1963;93077_002-83
1964;93077_003-62
1965;93077_003-71
1966;93077_003-72
1967;93077_003-82
1968;93077_004-61
1969;93077_004-62
1970;93077_004-63
1971;93077_004-71
1972;93077_004-72
1973;93077_004-73
1974;93077_004-81
1975;93077_004-82
1976;93077_004-83
1977;93077_005-61
1978;93077_005-62
1979;93077_005-63
1980;93077_005-71
1981;93077_005-72
1982;93077_005-73
1983;93077_005-81
1984;93077_005-82
1985;93077_005-83
1986;93077_006-61
1987;93077_006-62
1988;93077_006-63
1989;93077_006-71
1990;93077_006-72
1991;93077_006-73
1992;93077_006-81
1993;93077_006-82
1994;93077_006-83
1995;93078_003-61
1996;93078_003-62
1997;93078_003-63
1998;93078_003-71
1999;93078_003-72
2000;93078_003-73
2001;93078_003-81
2002;93078_003-82
2003;93078_003-83
2004;93078_005-61
2005;93078_005-62
2006;93078_005-63
2007;93078_005-73
2008;93078_005-81
2009;93078_005-82
2010;93078_005-83
2011;93078_006-61
2012;93078_006-62
2013;93078_006-63
2014;93078_006-71
2015;93078_006-72
2016;93078_006-73
2017;93078_006-81
2018;93078_006-82
2019;93078_006-83
2020;93078_007-61
2021;93078_007-62
2022;93078_007-63
2023;93078_007-71
2024;93078_007-72
2025;93078_007-73
2026;93078_007-81
2027;93078_007-82
2028;93078_007-83
2029;93078_008-61
2030;93078_008-62
2031;93078_008-63
2032;93078_008-71
2033;93078_008-73
2034;93078_008-81
2035;93078_008-82
2036;93078_008-83
2037;93079_001-61
2038;93079_001-62
2039;93079_001-71
2040;93079_001-72
2041;93079_001-81
2042;93079_001-82
2043;93079_002-61
2044;93079_002-62
2045;93079_002-63
2046;93079_002-71
2047;93079_002-72
2048;93079_002-73
2049;93079_002-81
2050;93079_002-82
2051;93079_002-83
2052;93079_003-61
2053;93079_003-62
2054;93079_003-63
2055;93079_003-71
2056;93079_003-72
2057;93079_003-73
2058;93079_003-81
2059;93079_003-82
2060;93079_003-83
2061;94001_001-61
2062;94001_001-62
2063;94001_001-63
2064;94001_001-71
2065;94001_001-72
2066;94001_001-73
2067;94001_001-81
2068;94001_001-82
2069;94001_001-83
2070;94002_001-61
2071;94002_001-62
2072;94002_001-63
2073;94002_001-71
2074;94002_001-72
2075;94002_001-73
2076;94002_001-81
2077;94002_001-82
2078;94002_001-83
2079;94002_002-61
2080;94002_002-62
2081;94002_002-63
2082;94002_002-71
2083;94002_002-72
2084;94002_002-73
2085;94002_002-81
2086;94002_002-82
2087;94002_002-83
2088;94002_003-61
2089;94002_003-62
2090;94002_003-63
2091;94002_003-71
2092;94002_003-72
2093;94002_003-73
2094;94002_003-81
2095;94002_003-82
2096;94002_003-83
2097;94002_004-61
2098;94002_004-62
2099;94002_004-63
2100;94002_004-81
2101;94002_004-82
2102;94002_004-83
2103;94002_005-61
2104;94002_005-62
2105;94002_005-63
2106;94002_005-71
2107;94002_005-72
2108;94002_005-73
2109;94002_005-81
2110;94002_005-82
2111;94002_005-83
2112;94003_001-61
2113;94003_001-62
2114;94003_001-63
2115;94003_001-71
2116;94003_001-72
2117;94003_001-73
2118;94003_001-81
2119;94003_001-82
2120;94003_001-83
2121;94003_002-61
2122;94003_002-62
2123;94003_002-63
2124;94003_002-71
2125;94003_002-72
2126;94003_002-73
2127;94003_002-81
2128;94003_002-82
2129;94003_002-83
2130;94003_007-61
2131;94003_007-81
2132;94003_008-61
2133;94003_008-62
2134;94003_008-63
2135;94003_008-71
2136;94003_008-72
2137;94003_008-73
2138;94003_008-81
2139;94003_008-82
2140;94003_008-83
2141;94004_006-62
2142;94004_006-71
2143;94004_006-72
2144;94004_006-81
2145;94004_006-82
2146;94004_008-61
2147;94004_008-63
2148;94004_008-71
2149;94004_008-72
2150;94004_008-73
2151;94004_008-81
2152;94004_008-82
2153;94004_008-83
2154;94011_002-61
2155;94011_002-62
2156;94011_002-63
2157;94011_002-71
2158;94011_002-72
2159;94011_002-73
2160;94011_002-81
2161;94011_002-82
2162;94011_002-83
2163;94011_003-61
2164;94011_003-62
2165;94011_003-63
2166;94011_003-71
2167;94011_003-72
2168;94011_003-73
2169;94011_003-81
2170;94011_003-82
2171;94011_003-83
2172;94011_004-61
2173;94011_004-62
2174;94011_004-63
2175;94011_004-71
2176;94011_004-72
2177;94011_004-73
2178;94011_004-81
2179;94011_004-82
2180;94011_004-83
2181;94011_005-61
2182;94011_005-62
2183;94011_005-63
2184;94011_005-71
2185;94011_005-72
2186;94011_005-73
2187;94011_005-81
2188;94011_005-82
2189;94011_005-83
2190;94011_006-61
2191;94011_006-62
2192;94011_006-63
2193;94011_006-71
2194;94011_006-72
2195;94011_006-73
2196;94011_006-81
2197;94011_006-82
2198;94011_006-83
2199;94011_007-61
2200;94011_007-62
2201;94011_007-63
2202;94011_007-71
2203;94011_007-72
2204;94011_007-73
2205;94011_007-81
2206;94011_007-82
2207;94011_007-83
2208;94015_001-61
2209;94015_001-62
2210;94015_001-63
2211;94015_001-71
2212;94015_001-72
2213;94015_001-73
2214;94015_001-81
2215;94015_001-82
2216;94015_001-83
2217;94015_003-61
2218;94015_003-62
2219;94015_003-63
2220;94015_003-71
2221;94015_003-72
2222;94015_003-73
2223;94015_003-81
2224;94015_003-82
2225;94015_003-83
2226;94015_004-61
2227;94015_004-62
2228;94015_004-63
2229;94015_004-81
2230;94015_004-82
2231;94015_004-83
2232;94016_002-61
2233;94016_002-62
2234;94016_002-71
2235;94016_002-72
2236;94016_002-81
2237;94016_002-82
2238;94016_003-61
2239;94016_003-62
2240;94016_003-63
2241;94016_003-71
2242;94016_003-72
2243;94016_003-73
2244;94016_003-81
2245;94016_003-82
2246;94016_003-83
2247;94016_006-61
2248;94016_006-62
2249;94016_006-71
2250;94016_006-72
2251;94016_006-81
2252;94016_006-82
2253;94016_008-61
2254;94016_008-62
2255;94016_008-63
2256;94016_008-71
2257;94016_008-72
2258;94016_008-73
2259;94016_008-81
2260;94016_008-82
2261;94016_008-83
2262;94016_009-61
2263;94016_009-62
2264;94016_009-63
2265;94016_009-71
2266;94016_009-72
2267;94016_009-73
2268;94016_009-81
2269;94016_009-82
2270;94016_009-83
2271;94017_008-61
2272;94017_008-62
2273;94017_008-63
2274;94017_008-71
2275;94017_008-72
2276;94017_008-73
2277;94017_008-81
2278;94017_008-82
2279;94017_008-83
2280;94017_009-61
2281;94017_009-62
2282;94017_009-63
2283;94017_009-71
2284;94017_009-72
2285;94017_009-73
2286;94017_009-81
2287;94017_009-82
2288;94017_009-83
2289;94017_010-61
2290;94017_010-62
2291;94017_010-63
2292;94017_010-71
2293;94017_010-72
2294;94017_010-81
2295;94017_010-82
2296;94017_010-83
2297;94017_011-61
2298;94017_011-62
2299;94017_011-63
2300;94017_011-71
2301;94017_011-72
2302;94017_011-73
2303;94017_011-81
2304;94017_011-82
2305;94017_011-83
2306;94017_014-61
2307;94017_014-62
2308;94017_014-63
2309;94017_021-61
2310;94017_021-62
2311;94017_021-63
2312;94017_021-71
2313;94017_021-72
2314;94017_021-73
2315;94017_021-81
2316;94017_021-82
2317;94017_021-83
2318;94017_022-61
2319;94017_022-62
2320;94017_022-63
2321;94017_022-71
2322;94017_022-72
2323;94017_022-73
2324;94017_022-81
2325;94017_022-82
2326;94017_022-83
2327;94017_024-61
2328;94017_024-62
2329;94017_024-71
2330;94017_024-72
2331;94017_024-81
2332;94017_024-82
2333;94018_002-61
2334;94018_002-62
2335;94018_002-71
2336;94018_002-72
2337;94018_002-81
2338;94018_002-82
2339;94018_003-61
2340;94018_003-62
2341;94018_003-63
2342;94018_003-71
2343;94018_003-72
2344;94018_003-73
2345;94018_003-81
2346;94018_003-82
2347;94018_003-83
2348;94018_004-61
2349;94018_004-62
2350;94018_004-63
2351;94018_004-71
2352;94018_004-72
2353;94018_004-73
2354;94018_004-81
2355;94018_004-82
2356;94018_004-83
2357;94018_006-61
2358;94018_006-62
2359;94018_006-63
2360;94018_006-71
2361;94018_006-72
2362;94018_006-73
2363;94018_006-81
2364;94018_006-82
2365;94018_006-83
2366;94018_009-61
2367;94018_009-62
2368;94018_009-71
2369;94018_009-72
2370;94018_009-81
2371;94018_009-82
2372;94018_011-81
2373;94018_012-63
2374;94018_013-61
2375;94018_013-62
2376;94018_013-71
2377;94018_013-72
2378;94018_013-81
2379;94018_013-82
2380;94018_016-61
2381;94018_016-62
2382;94018_016-63
2383;94018_016-71
2384;94018_016-72
2385;94018_016-73
2386;94018_016-81
2387;94018_016-82
2388;94018_016-83
2389;94019_001-61
2390;94019_001-62
2391;94019_001-63
2392;94019_001-71
2393;94019_001-72
2394;94019_001-73
2395;94019_001-81
2396;94019_001-82
2397;94019_001-83
2398;94019_004-61
2399;94019_004-62
2400;94019_004-63
2401;94019_004-71
2402;94019_004-72
2403;94019_004-73
2404;94019_004-81
2405;94019_004-82
2406;94019_004-83
2407;94019_006-61
2408;94019_006-62
2409;94019_006-63
2410;94019_006-71
2411;94019_006-72
2412;94019_006-73
2413;94019_006-81
2414;94019_006-82
2415;94019_006-83
2416;94019_007-61
2417;94019_007-62
2418;94019_007-63
2419;94019_007-71
2420;94019_007-72
2421;94019_007-73
2422;94019_007-81
2423;94019_007-82
2424;94019_007-83
2425;94021_002-61
2426;94021_002-62
2427;94021_002-63
2428;94021_002-71
2429;94021_002-72
2430;94021_002-73
2431;94021_002-81
2432;94021_002-82
2433;94021_002-83
2434;94021_005-61
2435;94021_005-62
2436;94021_005-63
2437;94021_005-71
2438;94021_005-72
2439;94021_005-73
2440;94021_005-81
2441;94021_005-82
2442;94021_005-83
2443;94021_009-61
2444;94021_009-62
2445;94021_009-63
2446;94021_009-71
2447;94021_009-72
2448;94021_009-73
2449;94021_009-81
2450;94021_009-82
2451;94021_009-83
2452;94021_010-61
2453;94021_010-62
2454;94021_010-63
2455;94021_010-71
2456;94021_010-72
2457;94021_010-73
2458;94021_010-81
2459;94021_010-82
2460;94021_010-83
2461;94021_013-61
2462;94021_013-62
2463;94021_013-63
2464;94021_013-71
2465;94021_013-72
2466;94021_013-73
2467;94021_013-81
2468;94021_013-82
2469;94021_013-83
2470;94021_015-61
2471;94021_015-62
2472;94021_015-63
2473;94021_015-71
2474;94021_015-72
2475;94021_015-73
2476;94021_015-81
2477;94021_015-82
2478;94021_015-83
2479;94022_001-61
2480;94022_001-62
2481;94022_001-63
2482;94022_001-71
2483;94022_001-72
2484;94022_001-73
2485;94022_001-81
2486;94022_001-82
2487;94022_001-83
2488;94022_002-61
2489;94022_002-62
2490;94022_002-71
2491;94022_002-72
2492;94022_002-73
2493;94022_002-81
2494;94022_002-82
2495;94022_002-83
2496;94022_003-61
2497;94022_003-62
2498;94022_003-63
2499;94022_003-71
2500;94022_003-72
2501;94022_003-73
2502;94022_003-81
2503;94022_003-82
2504;94022_003-83
2505;94022_005-61
2506;94022_005-62
2507;94022_005-63
2508;94022_005-71
2509;94022_005-72
2510;94022_005-73
2511;94022_005-81
2512;94022_005-82
2513;94022_005-83
2514;94022_006-61
2515;94022_006-62
2516;94022_006-63
2517;94022_006-71
2518;94022_006-73
2519;94022_006-81
2520;94022_006-82
2521;94022_006-83
2522;94028_001-61
2523;94028_001-62
2524;94028_001-63
2525;94028_001-71
2526;94028_001-72
2527;94028_001-73
2528;94028_001-81
2529;94028_001-82
2530;94028_001-83
2531;94028_002-61
2532;94028_002-62
2533;94028_002-63
2534;94028_002-71
2535;94028_002-72
2536;94028_002-73
2537;94028_002-81
2538;94028_002-82
2539;94028_002-83
2540;94028_003-61
2541;94028_003-62
2542;94028_003-63
2543;94028_003-71
2544;94028_003-72
2545;94028_003-73
2546;94028_003-81
2547;94028_003-82
2548;94028_003-83
2549;94028_005-61
2550;94028_005-62
2551;94028_005-63
2552;94028_005-71
2553;94028_005-72
2554;94028_005-73
2555;94028_005-81
2556;94028_005-82
2557;94028_005-83
2558;94028_007-61
2559;94028_007-62
2560;94028_007-63
2561;94028_007-71
2562;94028_007-72
2563;94028_007-73
2564;94028_007-81
2565;94028_007-82
2566;94028_007-83
2567;94028_011-61
2568;94028_011-62
2569;94028_011-63
2570;94028_011-71
2571;94028_011-72
2572;94028_011-73
2573;94028_011-81
2574;94028_011-82
2575;94028_011-83
2576;94028_012-61
2577;94028_012-62
2578;94028_012-63
2579;94028_012-72
2580;94028_012-73
2581;94028_012-81
2582;94028_012-82
2583;94028_012-83
2584;94028_013-61
2585;94028_013-62
2586;94028_013-63
2587;94028_013-71
2588;94028_013-72
2589;94028_013-73
2590;94028_013-81
2591;94028_013-82
2592;94028_013-83
2593;94028_015-61
2594;94028_015-62
2595;94028_015-63
2596;94028_015-71
2597;94028_015-72
2598;94028_015-73
2599;94028_015-81
2600;94028_015-82
2601;94028_015-83
2602;94028_016-61
2603;94028_016-62
2604;94028_016-63
2605;94028_016-71
2606;94028_016-72
2607;94028_016-73
2608;94028_016-81
2609;94028_016-82
2610;94028_016-83
2611;94028_018-61
2612;94028_018-62
2613;94028_018-63
2614;94028_018-71
2615;94028_018-72
2616;94028_018-73
2617;94028_018-81
2618;94028_018-82
2619;94028_018-83
2620;94028_022-81
2621;94028_023-81
2622;94028_025-61
2623;94028_025-62
2624;94028_025-63
2625;94028_025-71
2626;94028_025-81
2627;94028_025-82
2628;94028_025-83
2629;94028_027-61
2630;94028_027-71
2631;94028_027-72
2632;94028_027-73
2633;94028_027-81
2634;94028_027-82
2635;94028_027-83
2636;94028_030-61
2637;94028_030-62
2638;94028_030-63
2639;94028_030-71
2640;94028_030-72
2641;94028_030-73
2642;94028_030-81
2643;94028_030-82
2644;94028_030-83
2645;94033_002-61
2646;94033_002-62
2647;94033_002-63
2648;94033_002-71
2649;94033_002-72
2650;94033_002-81
2651;94033_002-82
2652;94033_002-83
2653;94033_003-61
2654;94033_003-62
2655;94033_003-63
2656;94033_003-71
2657;94033_003-72
2658;94033_003-73
2659;94033_003-81
2660;94033_003-82
2661;94033_003-83
2662;94033_004-61
2663;94033_004-62
2664;94033_004-63
2665;94033_004-71
2666;94033_004-72
2667;94033_004-73
2668;94033_004-81
2669;94033_007-61
2670;94033_007-62
2671;94033_007-63
2672;94033_007-71
2673;94033_007-72
2674;94033_007-73
2675;94033_007-81
2676;94033_007-82
2677;94033_007-83
2678;94033_008-61
2679;94033_008-62
2680;94033_008-63
2681;94033_008-71
2682;94033_008-72
2683;94033_008-73
2684;94033_008-81
2685;94033_008-82
2686;94033_008-83
2687;94033_015-61
2688;94033_015-62
2689;94033_015-63
2690;94033_015-81
2691;94033_015-82
2692;94033_015-83
2693;94033_016-61
2694;94033_016-62
2695;94033_016-63
2696;94033_016-71
2697;94033_016-72
2698;94033_016-73
2699;94033_016-81
2700;94033_016-82
2701;94033_016-83
2702;94033_021-61
2703;94033_021-62
2704;94033_021-63
2705;94033_021-71
2706;94033_021-72
2707;94033_021-73
2708;94033_021-81
2709;94033_021-82
2710;94034_001-61
2711;94034_001-62
2712;94034_001-63
2713;94034_001-71
2714;94034_001-73
2715;94034_001-81
2716;94034_001-82
2717;94034_001-83
2718;94034_003-61
2719;94034_003-62
2720;94034_003-63
2721;94034_003-71
2722;94034_003-72
2723;94034_003-73
2724;94034_003-81
2725;94034_003-82
2726;94034_003-83
2727;94034_004-61
2728;94034_004-62
2729;94034_004-63
2730;94034_004-71
2731;94034_004-72
2732;94034_004-73
2733;94034_004-81
2734;94034_004-82
2735;94034_004-83
2736;94034_006-61
2737;94034_006-62
2738;94034_006-63
2739;94034_006-71
2740;94034_006-72
2741;94034_006-73
2742;94034_006-81
2743;94034_006-82
2744;94034_006-83
2745;94034_007-61
2746;94034_007-71
2747;94034_007-81
2748;94037_001-61
2749;94037_001-62
2750;94037_001-63
2751;94037_001-71
2752;94037_001-72
2753;94037_001-73
2754;94037_001-81
2755;94037_001-82
2756;94037_001-83
2757;94037_002-61
2758;94037_002-62
2759;94037_002-63
2760;94037_002-71
2761;94037_002-72
2762;94037_002-73
2763;94037_002-81
2764;94037_002-82
2765;94037_002-83
2766;94038_003-61
2767;94038_003-62
2768;94038_003-63
2769;94038_003-71
2770;94038_003-72
2771;94038_003-73
2772;94038_003-81
2773;94038_003-82
2774;94038_003-83
2775;94038_004-61
2776;94038_004-62
2777;94038_004-63
2778;94038_004-71
2779;94038_004-72
2780;94038_004-73
2781;94038_004-81
2782;94038_004-82
2783;94038_004-83
2784;94038_007-61
2785;94038_007-62
2786;94038_007-63
2787;94038_007-71
2788;94038_007-72
2789;94038_007-73
2790;94038_007-81
2791;94038_007-82
2792;94038_007-83
2793;94041_003-61
2794;94041_003-62
2795;94041_003-71
2796;94041_003-72
2797;94041_003-81
2798;94041_003-82
2799;94041_004-61
2800;94041_004-62
2801;94041_004-63
2802;94041_004-71
2803;94041_004-72
2804;94041_004-73
2805;94041_004-81
2806;94041_004-82
2807;94041_004-83
2808;94041_005-61
2809;94041_005-62
2810;94041_005-63
2811;94041_005-71
2812;94041_005-72
2813;94041_005-73
2814;94041_005-81
2815;94041_005-82
2816;94041_005-83
2817;94041_006-61
2818;94041_006-62
2819;94041_006-63
2820;94041_006-71
2821;94041_006-72
2822;94041_006-73
2823;94041_006-81
2824;94041_006-82
2825;94041_006-83
2826;94041_007-61
2827;94041_007-62
2828;94041_007-63
2829;94041_007-71
2830;94041_007-72
2831;94041_007-73
2832;94041_007-81
2833;94041_007-82
2834;94041_007-83
2835;94041_008-61
2836;94041_008-62
2837;94041_008-63
2838;94041_008-71
2839;94041_008-72
2840;94041_008-73
2841;94041_008-81
2842;94041_008-82
2843;94041_008-83
2844;94041_010-81
2845;94041_011-81
2846;94041_013-61
2847;94041_013-62
2848;94041_013-63
2849;94041_013-71
2850;94041_013-72
2851;94041_013-73
2852;94041_013-81
2853;94041_013-82
2854;94041_013-83
2855;94041_014-61
2856;94041_014-62
2857;94041_014-71
2858;94041_014-72
2859;94041_014-81
2860;94041_014-82
2861;94041_015-61
2862;94041_015-62
2863;94041_015-63
2864;94041_015-71
2865;94041_015-72
2866;94041_015-73
2867;94041_015-81
2868;94041_015-82
2869;94041_015-83
2870;94042_001-61
2871;94042_001-62
2872;94042_001-63
2873;94042_001-71
2874;94042_001-72
2875;94042_001-73
2876;94042_003-61
2877;94042_003-62
2878;94042_003-63
2879;94042_003-71
2880;94042_003-72
2881;94042_003-73
2882;94042_003-81
2883;94042_003-82
2884;94042_004-61
2885;94042_004-62
2886;94042_004-63
2887;94042_004-71
2888;94042_004-72
2889;94042_004-73
2890;94042_004-81
2891;94042_004-82
2892;94042_004-83
2893;94042_007-61
2894;94042_007-62
2895;94042_007-63
2896;94042_007-71
2897;94042_007-72
2898;94042_007-73
2899;94042_007-81
2900;94042_007-82
2901;94042_007-83
2902;94043_001-61
2903;94043_001-62
2904;94043_001-63
2905;94043_001-71
2906;94043_001-72
2907;94043_001-73
2908;94043_001-81
2909;94043_001-82
2910;94043_001-83
2911;94043_002-61
2912;94043_002-62
2913;94043_002-63
2914;94043_002-71
2915;94043_002-72
2916;94043_002-73
2917;94043_002-81
2918;94043_002-82
2919;94043_002-83
2920;94043_005-61
2921;94043_005-62
2922;94043_005-63
2923;94043_005-71
2924;94043_005-72
2925;94043_005-73
2926;94043_005-81
2927;94043_005-82
2928;94043_005-83
2929;94043_006-61
2930;94043_006-62
2931;94043_006-63
2932;94043_006-71
2933;94043_006-72
2934;94043_006-73
2935;94043_006-81
2936;94043_006-82
2937;94043_006-83
2938;94043_008-61
2939;94043_008-81
2940;94043_009-61
2941;94043_009-62
2942;94043_009-63
2943;94043_009-72
2944;94043_009-81
2945;94043_009-82
2946;94043_009-83
2947;94043_010-61
2948;94043_010-71
2949;94043_010-81
2950;94043_011-61
2951;94043_011-71
2952;94043_011-81
2953;94044_001-61
2954;94044_001-62
2955;94044_001-63
2956;94044_001-71
2957;94044_001-72
2958;94044_001-73
2959;94044_001-81
2960;94044_001-82
2961;94044_001-83
2962;94044_002-61
2963;94044_002-62
2964;94044_002-63
2965;94044_002-71
2966;94044_002-72
2967;94044_002-73
2968;94044_002-81
2969;94044_002-82
2970;94044_002-83
2971;94044_010-61
2972;94044_010-63
2973;94044_010-71
2974;94044_010-72
2975;94044_010-73
2976;94044_010-81
2977;94044_010-82
2978;94044_010-83
2979;94046_001-61
2980;94046_001-62
2981;94046_001-63
2982;94046_001-71
2983;94046_001-72
2984;94046_001-73
2985;94046_001-81
2986;94046_001-82
2987;94046_001-83
2988;94046_002-61
2989;94046_002-62
2990;94046_002-63
2991;94046_002-71
2992;94046_002-72
2993;94046_002-73
2994;94046_002-81
2995;94046_002-82
2996;94046_002-83
2997;94046_004-61
2998;94046_004-62
2999;94046_004-63
3000;94046_004-71
3001;94046_004-72
3002;94046_004-73
3003;94046_004-81
3004;94046_004-82
3005;94046_004-83
3006;94046_006-61
3007;94046_006-62
3008;94046_006-63
3009;94046_006-71
3010;94046_006-72
3011;94046_006-73
3012;94046_006-81
3013;94046_006-82
3014;94046_006-83
3015;94046_009-81
3016;94046_010-81
3017;94046_011-61
3018;94046_011-62
3019;94046_011-81
3020;94046_011-82
3021;94047_002-61
3022;94047_002-62
3023;94047_002-63
3024;94047_002-71
3025;94047_002-72
3026;94047_002-73
3027;94047_002-81
3028;94047_002-82
3029;94047_002-83
3030;94052_001-61
3031;94052_001-62
3032;94052_001-71
3033;94052_001-72
3034;94052_001-73
3035;94052_001-81
3036;94052_001-82
3037;94052_001-83
3038;94052_003-61
3039;94052_003-62
3040;94052_003-63
3041;94052_003-71
3042;94052_003-72
3043;94052_003-73
3044;94052_003-81
3045;94052_003-82
3046;94052_003-83
3047;94052_007-61
3048;94052_007-62
3049;94052_007-81
3050;94052_007-82
3051;94052_008-61
3052;94052_008-62
3053;94052_008-63
3054;94052_008-71
3055;94052_008-72
3056;94052_008-73
3057;94052_008-81
3058;94052_008-82
3059;94052_008-83
3060;94052_009-61
3061;94052_009-62
3062;94052_009-71
3063;94052_009-72
3064;94052_009-81
3065;94052_009-82
3066;94053_001-61
3067;94053_001-62
3068;94053_001-63
3069;94053_001-71
3070;94053_001-72
3071;94053_001-73
3072;94053_001-81
3073;94053_001-82
3074;94053_001-83
3075;94054_001-61
3076;94054_001-62
3077;94054_001-63
3078;94054_001-71
3079;94054_001-72
3080;94054_001-73
3081;94054_001-81
3082;94054_001-82
3083;94054_001-83
3084;94054_002-61
3085;94054_002-62
3086;94054_002-63
3087;94054_002-71
3088;94054_002-72
3089;94054_002-73
3090;94054_002-81
3091;94054_002-82
3092;94054_002-83
3093;94054_004-61
3094;94054_004-62
3095;94054_004-63
3096;94054_004-71
3097;94054_004-72
3098;94054_004-73
3099;94054_004-81
3100;94054_004-82
3101;94054_004-83
3102;94054_006-61
3103;94054_006-62
3104;94054_006-63
3105;94054_006-71
3106;94054_006-72
3107;94054_006-73
3108;94054_006-81
3109;94054_006-82
3110;94054_006-83
3111;94055_001-61
3112;94055_001-62
3113;94055_001-63
3114;94055_001-71
3115;94055_001-72
3116;94055_001-73
3117;94055_001-81
3118;94055_001-82
3119;94055_001-83
3120;94058_001-61
3121;94058_001-62
3122;94058_001-63
3123;94058_001-72
3124;94058_001-81
3125;94058_001-82
3126;94058_001-83
3127;94058_002-61
3128;94058_002-62
3129;94058_002-63
3130;94058_002-71
3131;94058_002-72
3132;94058_002-73
3133;94058_002-81
3134;94058_002-82
3135;94058_002-83
3136;94058_003-61
3137;94058_003-62
3138;94058_003-63
3139;94058_003-71
3140;94058_003-72
3141;94058_003-73
3142;94058_003-81
3143;94058_003-82
3144;94058_003-83
3145;94058_005-61
3146;94058_005-62
3147;94058_005-63
3148;94058_005-71
3149;94058_005-72
3150;94058_005-73
3151;94058_005-81
3152;94058_005-82
3153;94058_005-83
3154;94058_007-61
3155;94058_007-62
3156;94058_007-63
3157;94058_007-71
3158;94058_007-72
3159;94058_007-73
3160;94058_007-81
3161;94058_007-82
3162;94058_007-83
3163;94059_001-61
3164;94059_001-62
3165;94059_001-63
3166;94059_001-71
3167;94059_001-72
3168;94059_001-73
3169;94059_001-81
3170;94059_003-61
3171;94059_003-62
3172;94059_003-63
3173;94059_003-71
3174;94059_003-72
3175;94059_003-73
3176;94059_003-81
3177;94059_003-82
3178;94059_003-83
3179;94060_001-61
3180;94060_001-62
3181;94060_001-63
3182;94060_001-71
3183;94060_001-72
3184;94060_001-73
3185;94060_001-81
3186;94060_001-82
3187;94060_001-83
3188;94065_001-61
3189;94065_001-62
3190;94065_001-63
3191;94065_001-71
3192;94065_001-72
3193;94065_001-73
3194;94065_001-81
3195;94065_001-82
3196;94065_001-83
3197;94065_002-61
3198;94065_002-62
3199;94065_002-63
3200;94065_002-71
3201;94065_002-72
3202;94065_002-73
3203;94065_002-81
3204;94065_002-82
3205;94065_002-83
3206;94065_003-61
3207;94065_003-62
3208;94065_003-63
3209;94065_003-71
3210;94065_003-72
3211;94065_003-73
3212;94065_003-81
3213;94065_003-82
3214;94065_003-83
3215;94065_004-61
3216;94065_004-62
3217;94065_004-63
3218;94065_004-81
3219;94065_004-82
3220;94065_004-83
3221;94067_003-61
3222;94067_003-62
3223;94067_003-63
3224;94067_003-71
3225;94067_003-72
3226;94067_003-73
3227;94067_003-81
3228;94067_003-82
3229;94067_003-83
3230;94067_005-61
3231;94067_005-62
3232;94067_005-63
3233;94067_005-71
3234;94067_005-72
3235;94067_005-73
3236;94067_005-81
3237;94067_005-82
3238;94067_005-83
3239;94067_008-61
3240;94067_008-62
3241;94067_008-63
3242;94067_008-81
3243;94067_009-61
3244;94067_009-62
3245;94067_009-63
3246;94067_009-71
3247;94067_009-72
3248;94067_009-73
3249;94067_009-81
3250;94067_009-82
3251;94067_009-83
3252;94068_002-61
3253;94068_002-62
3254;94068_002-63
3255;94068_002-71
3256;94068_002-72
3257;94068_002-73
3258;94068_002-81
3259;94068_002-82
3260;94068_002-83
3261;94068_005-61
3262;94068_005-62
3263;94068_005-63
3264;94068_005-71
3265;94068_005-72
3266;94068_005-73
3267;94068_005-81
3268;94068_005-82
3269;94068_005-83
3270;94068_007-61
3271;94068_007-62
3272;94068_007-63
3273;94068_007-71
3274;94068_007-72
3275;94068_007-73
3276;94068_007-81
3277;94068_007-82
3278;94068_007-83
3279;94068_010-61
3280;94068_010-62
3281;94068_010-63
3282;94068_010-71
3283;94068_010-72
3284;94068_010-73
3285;94068_010-81
3286;94068_010-82
3287;94068_010-83
3288;94068_012-61
3289;94068_012-62
3290;94068_012-63
3291;94068_012-71
3292;94068_012-72
3293;94068_012-73
3294;94068_012-81
3295;94068_012-82
3296;94068_012-83
3297;94068_013-61
3298;94068_013-62
3299;94068_013-63
3300;94068_013-71
3301;94068_013-72
3302;94068_013-73
3303;94068_013-81
3304;94068_013-82
3305;94068_013-83
3306;94068_014-61
3307;94068_014-62
3308;94068_014-63
3309;94068_014-71
3310;94068_014-72
3311;94068_014-73
3312;94068_014-81
3313;94068_014-82
3314;94068_014-83
3315;94068_015-61
3316;94068_015-62
3317;94068_015-63
3318;94068_015-71
3319;94068_015-72
3320;94068_015-73
3321;94068_015-81
3322;94068_015-82
3323;94068_015-83
3324;94068_020-61
3325;94068_020-62
3326;94068_020-63
3327;94068_020-71
3328;94068_020-72
3329;94068_020-73
3330;94068_020-81
3331;94068_020-82
3332;94068_020-83
3333;94068_021-61
3334;94068_021-62
3335;94068_021-71
3336;94068_021-72
3337;94068_021-81
3338;94068_021-82
3339;94068_024-61
3340;94068_024-62
3341;94068_024-63
3342;94068_024-71
3343;94068_024-72
3344;94068_024-73
3345;94068_024-81
3346;94068_024-82
3347;94068_024-83
3348;94068_025-61
3349;94068_025-62
3350;94068_025-63
3351;94068_025-71
3352;94068_025-73
3353;94068_025-81
3354;94068_025-82
3355;94068_025-83
3356;94069_005-61
3357;94069_005-62
3358;94069_005-63
3359;94069_005-71
3360;94069_005-72
3361;94069_005-73
3362;94069_005-82
3363;94069_005-83
3364;94069_006-61
3365;94069_006-62
3366;94069_006-63
3367;94069_006-71
3368;94069_006-72
3369;94069_006-73
3370;94069_006-81
3371;94069_006-82
3372;94069_006-83
3373;94069_010-62
3374;94069_010-63
3375;94069_010-71
3376;94069_010-72
3377;94069_010-73
3378;94069_010-81
3379;94069_010-82
3380;94069_010-83
3381;94070_002-61
3382;94070_002-62
3383;94070_002-63
3384;94070_002-71
3385;94070_002-72
3386;94070_002-73
3387;94070_002-81
3388;94070_002-82
3389;94070_002-83
3390;94070_003-71
3391;94070_003-72
3392;94070_003-73
3393;94070_003-81
3394;94070_003-82
3395;94070_003-83
3396;94071_005-61
3397;94071_005-62
3398;94071_005-63
3399;94071_005-71
3400;94071_005-72
3401;94071_005-73
3402;94071_005-81
3403;94071_005-82
3404;94071_005-83
3405;94071_006-61
3406;94071_006-62
3407;94071_006-63
3408;94071_006-71
3409;94071_006-72
3410;94071_006-73
3411;94071_006-81
3412;94071_006-82
3413;94071_006-83
3414;94071_007-61
3415;94071_007-62
3416;94071_007-63
3417;94071_007-72
3418;94071_007-73
3419;94071_007-82
3420;94071_007-83
3421;94071_008-61
3422;94071_008-62
3423;94071_008-63
3424;94071_008-71
3425;94071_008-72
3426;94071_008-73
3427;94071_008-81
3428;94071_008-82
3429;94071_008-83
3430;94071_010-61
3431;94071_010-62
3432;94071_010-63
3433;94071_010-71
3434;94071_010-72
3435;94071_010-73
3436;94071_010-81
3437;94071_010-82
3438;94071_010-83
3439;94071_011-61
3440;94071_011-62
3441;94071_011-63
3442;94071_011-71
3443;94071_011-72
3444;94071_011-73
3445;94071_011-81
3446;94071_011-82
3447;94071_011-83
3448;94073_001-61
3449;94073_001-62
3450;94073_001-63
3451;94073_001-71
3452;94073_001-72
3453;94073_001-73
3454;94073_001-81
3455;94073_001-82
3456;94073_001-83
3457;94073_002-61
3458;94073_002-62
3459;94073_002-63
3460;94073_002-71
3461;94073_002-72
3462;94073_002-73
3463;94073_002-81
3464;94073_002-82
3465;94073_002-83
3466;94073_004-61
3467;94073_004-62
3468;94073_004-63
3469;94073_004-71
3470;94073_004-72
3471;94073_004-73
3472;94073_004-81
3473;94073_004-82
3474;94073_004-83
3475;94073_005-61
3476;94073_005-62
3477;94073_005-63
3478;94073_005-71
3479;94073_005-72
3480;94073_005-73
3481;94073_005-81
3482;94073_005-82
3483;94073_005-83
3484;94073_006-61
3485;94073_006-62
3486;94073_006-63
3487;94073_006-71
3488;94073_006-72
3489;94073_006-73
3490;94073_006-81
3491;94073_006-82
3492;94073_006-83
3493;94073_010-61
3494;94073_010-62
3495;94073_010-71
3496;94073_010-72
3497;94073_010-81
3498;94073_010-82
3499;94073_011-61
3500;94073_011-71
3501;94073_011-81
3502;94073_012-61
3503;94073_012-62
3504;94073_012-63
3505;94073_012-71
3506;94073_012-72
3507;94073_012-73
3508;94073_012-81
3509;94073_012-82
3510;94073_012-83
3511;94073_016-61
3512;94073_016-62
3513;94073_016-81
3514;94073_016-82
3515;94074_001-61
3516;94074_001-62
3517;94074_001-63
3518;94074_001-71
3519;94074_001-72
3520;94074_001-73
3521;94074_001-81
3522;94074_001-82
3523;94074_001-83
3524;94075_001-61
3525;94075_001-62
3526;94075_001-63
3527;94075_001-71
3528;94075_001-72
3529;94075_001-73
3530;94075_001-81
3531;94075_001-82
3532;94075_001-83
3533;94075_002-61
3534;94075_002-62
3535;94075_002-63
3536;94075_002-71
3537;94075_002-72
3538;94075_002-73
3539;94075_002-81
3540;94075_002-82
3541;94075_002-83
3542;94075_005-62
3543;94075_005-63
3544;94075_005-71
3545;94075_005-72
3546;94075_005-73
3547;94075_005-81
3548;94075_005-82
3549;94075_005-83
3550;94076_002-61
3551;94076_002-62
3552;94076_002-63
3553;94076_002-71
3554;94076_002-72
3555;94076_002-73
3556;94076_002-81
3557;94076_002-82
3558;94076_002-83
3559;94076_003-61
3560;94076_003-63
3561;94076_003-71
3562;94076_003-72
3563;94076_003-73
3564;94076_003-81
3565;94076_003-82
3566;94076_003-83
3567;94076_005-61
3568;94076_005-62
3569;94076_005-63
3570;94076_005-71
3571;94076_005-72
3572;94076_005-73
3573;94076_005-81
3574;94076_005-82
3575;94076_005-83
3576;94076_007-61
3577;94076_007-62
3578;94076_007-63
3579;94076_007-71
3580;94076_007-72
3581;94076_007-73
3582;94076_007-81
3583;94076_007-82
3584;94076_007-83
3585;94076_008-61
3586;94076_008-62
3587;94076_008-63
3588;94076_008-71
3589;94076_008-72
3590;94076_008-73
3591;94076_008-81
3592;94076_008-82
3593;94076_008-83
3594;94076_015-81
3595;94076_016-81
3596;94076_017-81
3597;94076_018-61
3598;94076_018-62
3599;94076_018-63
3600;94076_018-72
3601;94076_018-73
3602;94076_018-81
3603;94076_018-82
3604;94076_018-83
3605;94077_004-61
3606;94077_004-62
3607;94077_004-63
3608;94077_004-71
3609;94077_004-72
3610;94077_004-73
3611;94077_004-81
3612;94077_004-82
3613;94077_004-83
3614;94077_005-61
3615;94077_005-62
3616;94077_005-63
3617;94077_005-71
3618;94077_005-72
3619;94077_005-73
3620;94077_005-81
3621;94077_005-82
3622;94077_005-83
3623;94078_002-61
3624;94078_002-62
3625;94078_002-63
3626;94078_002-71
3627;94078_002-72
3628;94078_002-73
3629;94078_002-81
3630;94078_002-82
3631;94078_002-83
3632;94078_004-61
3633;94078_004-62
3634;94078_004-63
3635;94078_004-71
3636;94078_004-72
3637;94078_004-73
3638;94078_004-81
3639;94078_004-82
3640;94078_004-83
3641;94078_006-61
3642;94078_006-62
3643;94078_006-63
3644;94078_006-71
3645;94078_006-72
3646;94078_006-73
3647;94078_006-81
3648;94078_006-82
3649;94078_006-83
3650;94078_009-61
3651;94078_009-62
3652;94078_009-63
3653;94078_009-71
3654;94078_009-72
3655;94078_009-73
3656;94078_009-81
3657;94078_009-82
3658;94078_009-83
3659;94078_010-61
3660;94078_010-62
3661;94078_010-63
3662;94078_010-71
3663;94078_010-72
3664;94078_010-73
3665;94078_010-81
3666;94078_010-82
3667;94078_010-83
3668;94078_014-61
3669;94078_014-62
3670;94078_014-63
3671;94078_014-71
3672;94078_014-72
3673;94078_014-73
3674;94078_014-81
3675;94078_014-82
3676;94078_014-83
3677;94078_015-61
3678;94078_015-62
3679;94078_015-63
3680;94078_015-71
3681;94078_015-72
3682;94078_015-73
3683;94078_015-81
3684;94078_015-82
3685;94078_015-83
3686;94079_001-61
3687;94079_001-62
3688;94079_001-63
3689;94079_001-71
3690;94079_001-72
3691;94079_001-73
3692;94079_001-81
3693;94079_001-82
3694;94079_001-83
3695;94079_002-61
3696;94079_002-62
3697;94079_002-63
3698;94079_002-71
3699;94079_002-72
3700;94079_002-73
3701;94079_002-81
3702;94079_002-82
3703;94079_002-83
3704;94079_009-61
3705;94079_009-62
3706;94079_009-63
3707;94079_009-71
3708;94079_009-72
3709;94079_009-73
3710;94079_009-81
3711;94079_009-82
3712;94079_009-83
3713;94079_015-61
3714;94079_015-62
3715;94079_015-63
3716;94079_015-71
3717;94079_015-72
3718;94079_015-73
3719;94079_015-81
3720;94079_015-82
3721;94079_015-83
3722;94080_001-61
3723;94080_001-62
3724;94080_001-63
3725;94080_001-71
3726;94080_001-72
3727;94080_001-73
3728;94080_001-81
3729;94080_001-82
3730;94080_001-83
3731;94080_005-61
3732;94080_005-62
3733;94080_005-63
3734;94080_005-71
3735;94080_005-72
3736;94080_005-81
3737;94080_005-82
3738;94080_005-83
3739;94080_009-61
3740;94080_009-62
3741;94080_009-81
3742;94080_010-61
3743;94080_010-63
3744;94080_010-81
3745;94080_010-83
3746;94080_011-61
3747;94080_011-62
3748;94080_011-81
3749;94080_011-82
3750;94080_014-61
3751;94080_014-62
3752;94080_014-63
3753;94080_014-71
3754;94080_014-72
3755;94080_014-73
3756;94080_014-81
3757;94080_014-82
3758;94080_014-83
3759;94081_003-61
3760;94081_003-62
3761;94081_003-63
3762;94081_003-71
3763;94081_003-72
3764;94081_003-73
3765;94081_003-81
3766;94081_003-82
3767;94081_003-83
3768;94081_005-61
3769;94081_005-62
3770;94081_005-71
3771;94081_005-72
3772;94081_005-73
3773;94081_005-81
3774;94081_005-82
3775;94081_005-83
3776;94081_009-61
3777;94081_009-62
3778;94081_009-63
3779;94081_009-71
3780;94081_009-72
3781;94081_009-73
3782;94081_009-81
3783;94081_009-82
3784;94081_009-83
3785;94081_010-61
3786;94081_010-62
3787;94081_010-63
3788;94081_010-71
3789;94081_010-72
3790;94081_010-73
3791;94081_010-81
3792;94081_010-82
3793;94081_010-83
3794;94081_011-61
3795;94081_011-62
3796;94081_011-63
3797;94081_011-71
3798;94081_011-72
3799;94081_011-73
3800;94081_011-81
3801;94081_011-82
3802;94081_011-83
3803;94081_014-61
3804;94081_014-62
3805;94081_014-63
3806;94081_015-61
3807;94081_015-62
3808;94081_015-63
3809;94081_015-71
3810;94081_015-72
3811;94081_015-73
3812;94081_015-81
3813;94081_015-82
3814;94081_015-83
3815;94081_016-61
3816;94081_016-62
3817;94081_016-63
3818;94081_016-71
3819;94081_016-72
3820;94081_016-73
3821;94081_016-81
3822;94081_016-82
3823;94081_016-83
3824;94081_017-61
3825;94081_017-62
3826;94081_017-63
3827;94081_017-71
3828;94081_017-72
3829;94081_017-73
3830;94081_017-81
3831;94081_017-82
3832;94081_017-83
3833;94081_018-61
3834;94081_018-62
3835;94081_018-63
3836;94081_018-71
3837;94081_018-72
3838;94081_018-73
3839;94081_018-81
3840;94081_021-61
3841;94081_021-62
3842;94081_021-63
3843;94081_021-71
3844;94081_021-72
3845;94081_021-73
3846;94081_021-81
3847;94081_021-82
3848;94081_021-83
3849;94081_022-61
3850;94081_022-62
3851;94081_022-63
3852;94081_022-71
3853;94081_022-72
3854;94081_022-73
3855;94081_022-81
3856;94081_022-82
3857;94081_022-83
